{"svm": 0.06568771093425904, "xgboost": 0.08163926060101882, "rf": 0.008384704209357424, "lightgbm": 0.09860046323761916, "nn": 0.016997970945505234}